,MODEL,FC,ZONE,FEAT_IMP
U10,RandomForestRegressor,no_deg_norm,1,0.019553279904414977
V10,RandomForestRegressor,no_deg_norm,1,0.01681527552427273
U100,RandomForestRegressor,no_deg_norm,1,0.06606581815473112
V100,RandomForestRegressor,no_deg_norm,1,0.01674472748076482
HOUR,RandomForestRegressor,no_deg_norm,1,0.04094560886462014
MONTH,RandomForestRegressor,no_deg_norm,1,0.026983478650184346
WEEKDAY,RandomForestRegressor,no_deg_norm,1,0.011570736570419774
IS_HOLIDAY,RandomForestRegressor,no_deg_norm,1,0.00011575928143646627
WS10,RandomForestRegressor,no_deg_norm,1,0.023001353356746163
WS100,RandomForestRegressor,no_deg_norm,1,0.7698441710432834
WD100CARD_ENE,RandomForestRegressor,no_deg_norm,1,1.1886911558622833e-05
WD100CARD_ESE,RandomForestRegressor,no_deg_norm,1,0.0003928855755753315
WD100CARD_N,RandomForestRegressor,no_deg_norm,1,0.00016428612287825502
WD100CARD_NE,RandomForestRegressor,no_deg_norm,1,0.00018636775163247712
WD100CARD_NNE,RandomForestRegressor,no_deg_norm,1,0.00016301464036632283
WD100CARD_NNW,RandomForestRegressor,no_deg_norm,1,0.0014137427423335535
WD100CARD_NW,RandomForestRegressor,no_deg_norm,1,0.0005621110169698165
WD100CARD_S,RandomForestRegressor,no_deg_norm,1,4.6602323354612846e-05
WD100CARD_SE,RandomForestRegressor,no_deg_norm,1,0.00029103595770088386
WD100CARD_SSE,RandomForestRegressor,no_deg_norm,1,0.00039674678826226656
WD100CARD_SSW,RandomForestRegressor,no_deg_norm,1,0.00016365963113471448
WD100CARD_SW,RandomForestRegressor,no_deg_norm,1,0.00020135301243298122
WD100CARD_W,RandomForestRegressor,no_deg_norm,1,7.703473071514594e-05
WD100CARD_WNW,RandomForestRegressor,no_deg_norm,1,0.00020917277141266704
WD100CARD_WSW,RandomForestRegressor,no_deg_norm,1,0.0001412411181950005
WD10CARD_ENE,RandomForestRegressor,no_deg_norm,1,6.621261699007543e-05
WD10CARD_ESE,RandomForestRegressor,no_deg_norm,1,6.565621017393977e-05
WD10CARD_N,RandomForestRegressor,no_deg_norm,1,0.00020843493298346904
WD10CARD_NE,RandomForestRegressor,no_deg_norm,1,0.0001228490686866235
WD10CARD_NNE,RandomForestRegressor,no_deg_norm,1,0.0003930752179212935
WD10CARD_NNW,RandomForestRegressor,no_deg_norm,1,0.00031483090530301766
WD10CARD_NW,RandomForestRegressor,no_deg_norm,1,0.0004896174906611153
WD10CARD_S,RandomForestRegressor,no_deg_norm,1,2.9394375772294703e-05
WD10CARD_SE,RandomForestRegressor,no_deg_norm,1,0.000535418152665586
WD10CARD_SSE,RandomForestRegressor,no_deg_norm,1,0.00028511610716494817
WD10CARD_SSW,RandomForestRegressor,no_deg_norm,1,9.780839711234672e-05
WD10CARD_SW,RandomForestRegressor,no_deg_norm,1,0.0002462274367680357
WD10CARD_W,RandomForestRegressor,no_deg_norm,1,9.849654490645733e-05
WD10CARD_WNW,RandomForestRegressor,no_deg_norm,1,0.00021577993725375077
WD10CARD_WSW,RandomForestRegressor,no_deg_norm,1,0.0007697326802403576
U10,RandomForestRegressor,no_deg_norm,2,0.022791246659409604
V10,RandomForestRegressor,no_deg_norm,2,0.019889001594139415
U100,RandomForestRegressor,no_deg_norm,2,0.020177729337405272
V100,RandomForestRegressor,no_deg_norm,2,0.0289682495610843
HOUR,RandomForestRegressor,no_deg_norm,2,0.022290598173829723
MONTH,RandomForestRegressor,no_deg_norm,2,0.01948024604819811
WEEKDAY,RandomForestRegressor,no_deg_norm,2,0.00750722107052461
IS_HOLIDAY,RandomForestRegressor,no_deg_norm,2,5.42606449855334e-07
WS10,RandomForestRegressor,no_deg_norm,2,0.008944113812267496
WS100,RandomForestRegressor,no_deg_norm,2,0.8383914031156868
WD100CARD_ENE,RandomForestRegressor,no_deg_norm,2,1.9983713680912065e-05
WD100CARD_ESE,RandomForestRegressor,no_deg_norm,2,1.5829117106543735e-05
WD100CARD_N,RandomForestRegressor,no_deg_norm,2,0.00031926598844311235
WD100CARD_NE,RandomForestRegressor,no_deg_norm,2,1.691487025849354e-05
WD100CARD_NNE,RandomForestRegressor,no_deg_norm,2,9.520237045141218e-05
WD100CARD_NNW,RandomForestRegressor,no_deg_norm,2,0.0005367586492309378
WD100CARD_NW,RandomForestRegressor,no_deg_norm,2,7.614863637650767e-05
WD100CARD_S,RandomForestRegressor,no_deg_norm,2,0.00016764126155300438
WD100CARD_SE,RandomForestRegressor,no_deg_norm,2,0.00011068990386794659
WD100CARD_SSE,RandomForestRegressor,no_deg_norm,2,0.0003175202774574767
WD100CARD_SSW,RandomForestRegressor,no_deg_norm,2,0.0006252299537517184
WD100CARD_SW,RandomForestRegressor,no_deg_norm,2,0.0001970895851969348
WD100CARD_W,RandomForestRegressor,no_deg_norm,2,0.00014793088861892936
WD100CARD_WNW,RandomForestRegressor,no_deg_norm,2,6.167368552266762e-05
WD100CARD_WSW,RandomForestRegressor,no_deg_norm,2,0.0003879647369823426
WD10CARD_ENE,RandomForestRegressor,no_deg_norm,2,1.4270376969886194e-07
WD10CARD_ESE,RandomForestRegressor,no_deg_norm,2,3.618519004269926e-05
WD10CARD_N,RandomForestRegressor,no_deg_norm,2,9.94349554725704e-05
WD10CARD_NE,RandomForestRegressor,no_deg_norm,2,3.2127001685162744e-05
WD10CARD_NNE,RandomForestRegressor,no_deg_norm,2,4.837194022572465e-05
WD10CARD_NNW,RandomForestRegressor,no_deg_norm,2,0.00035857371030860685
WD10CARD_NW,RandomForestRegressor,no_deg_norm,2,8.222239334158362e-05
WD10CARD_S,RandomForestRegressor,no_deg_norm,2,0.00014738003891013595
WD10CARD_SE,RandomForestRegressor,no_deg_norm,2,0.00016677164832768642
WD10CARD_SSE,RandomForestRegressor,no_deg_norm,2,0.003154079127894711
WD10CARD_SSW,RandomForestRegressor,no_deg_norm,2,0.00027843570408839425
WD10CARD_SW,RandomForestRegressor,no_deg_norm,2,0.0002508288943222401
WD10CARD_W,RandomForestRegressor,no_deg_norm,2,0.00010599798926769255
WD10CARD_WNW,RandomForestRegressor,no_deg_norm,2,0.00010215783186777016
WD10CARD_WSW,RandomForestRegressor,no_deg_norm,2,0.0036010952529812027
HOUR,RandomForestRegressor,no_comp,3,0.01384772607442666
MONTH,RandomForestRegressor,no_comp,3,0.01096070291894987
WEEKDAY,RandomForestRegressor,no_comp,3,0.007413913199840885
IS_HOLIDAY,RandomForestRegressor,no_comp,3,5.077048861300788e-06
WS10,RandomForestRegressor,no_comp,3,0.011683666265907916
WS100,RandomForestRegressor,no_comp,3,0.851414244375062
WD10,RandomForestRegressor,no_comp,3,0.027848839733443414
WD100,RandomForestRegressor,no_comp,3,0.07074498423934393
WD100CARD_ENE,RandomForestRegressor,no_comp,3,0.00013094512418238767
WD100CARD_ESE,RandomForestRegressor,no_comp,3,9.048109489698917e-06
WD100CARD_N,RandomForestRegressor,no_comp,3,1.1475152219266064e-05
WD100CARD_NE,RandomForestRegressor,no_comp,3,0.0004551270469183749
WD100CARD_NNE,RandomForestRegressor,no_comp,3,0.00036706375120618286
WD100CARD_NNW,RandomForestRegressor,no_comp,3,0.00016747444631595346
WD100CARD_NW,RandomForestRegressor,no_comp,3,6.503587154875826e-05
WD100CARD_S,RandomForestRegressor,no_comp,3,0.00020843718992408304
WD100CARD_SE,RandomForestRegressor,no_comp,3,0.00010693631366035826
WD100CARD_SSE,RandomForestRegressor,no_comp,3,0.00017344332515582096
WD100CARD_SSW,RandomForestRegressor,no_comp,3,0.00028510302867230735
WD100CARD_SW,RandomForestRegressor,no_comp,3,0.00013320881036769062
WD100CARD_W,RandomForestRegressor,no_comp,3,4.247844418113909e-05
WD100CARD_WNW,RandomForestRegressor,no_comp,3,9.28396717951396e-05
WD100CARD_WSW,RandomForestRegressor,no_comp,3,0.00012532354984337083
WD10CARD_ENE,RandomForestRegressor,no_comp,3,0.0010580775981846762
WD10CARD_ESE,RandomForestRegressor,no_comp,3,1.5759410359537406e-05
WD10CARD_N,RandomForestRegressor,no_comp,3,3.974838649362135e-05
WD10CARD_NE,RandomForestRegressor,no_comp,3,0.00010443854184836607
WD10CARD_NNE,RandomForestRegressor,no_comp,3,0.00034972068605400894
WD10CARD_NNW,RandomForestRegressor,no_comp,3,6.189298999522906e-05
WD10CARD_NW,RandomForestRegressor,no_comp,3,3.529871388655308e-05
WD10CARD_S,RandomForestRegressor,no_comp,3,0.0008270882101661673
WD10CARD_SE,RandomForestRegressor,no_comp,3,0.00011288150644773238
WD10CARD_SSE,RandomForestRegressor,no_comp,3,0.0003187684475851394
WD10CARD_SSW,RandomForestRegressor,no_comp,3,0.0002892972439895259
WD10CARD_SW,RandomForestRegressor,no_comp,3,6.019271968621443e-05
WD10CARD_W,RandomForestRegressor,no_comp,3,5.5444674332786645e-05
WD10CARD_WNW,RandomForestRegressor,no_comp,3,0.00022545237903292222
WD10CARD_WSW,RandomForestRegressor,no_comp,3,0.0001528448006209375
HOUR,RandomForestRegressor,no_comp_plus_100Norm,4,0.018831476621078622
MONTH,RandomForestRegressor,no_comp_plus_100Norm,4,0.016356450191468926
WEEKDAY,RandomForestRegressor,no_comp_plus_100Norm,4,0.01211989458711496
IS_HOLIDAY,RandomForestRegressor,no_comp_plus_100Norm,4,1.7293275013770605e-05
WS10,RandomForestRegressor,no_comp_plus_100Norm,4,0.02706925768606869
WS100,RandomForestRegressor,no_comp_plus_100Norm,4,0.8215676012146733
WD10,RandomForestRegressor,no_comp_plus_100Norm,4,0.024284668996352805
WD100,RandomForestRegressor,no_comp_plus_100Norm,4,0.04197082291570521
U100NORM,RandomForestRegressor,no_comp_plus_100Norm,4,0.01690891778753685
V100NORM,RandomForestRegressor,no_comp_plus_100Norm,4,0.011572698263785788
WD100CARD_ENE,RandomForestRegressor,no_comp_plus_100Norm,4,9.680286740395984e-05
WD100CARD_ESE,RandomForestRegressor,no_comp_plus_100Norm,4,0.00040660483272539935
WD100CARD_N,RandomForestRegressor,no_comp_plus_100Norm,4,6.010994653270252e-05
WD100CARD_NE,RandomForestRegressor,no_comp_plus_100Norm,4,0.0002187991712439405
WD100CARD_NNE,RandomForestRegressor,no_comp_plus_100Norm,4,0.00016707436962754425
WD100CARD_NNW,RandomForestRegressor,no_comp_plus_100Norm,4,0.00010564573132683496
WD100CARD_NW,RandomForestRegressor,no_comp_plus_100Norm,4,0.00028836932613122843
WD100CARD_S,RandomForestRegressor,no_comp_plus_100Norm,4,6.764596735409191e-05
WD100CARD_SE,RandomForestRegressor,no_comp_plus_100Norm,4,0.0011400288072111206
WD100CARD_SSE,RandomForestRegressor,no_comp_plus_100Norm,4,0.0005401644519280348
WD100CARD_SSW,RandomForestRegressor,no_comp_plus_100Norm,4,0.0012925422069626638
WD100CARD_SW,RandomForestRegressor,no_comp_plus_100Norm,4,0.0002653214455999164
WD100CARD_W,RandomForestRegressor,no_comp_plus_100Norm,4,1.851755396244119e-05
WD100CARD_WNW,RandomForestRegressor,no_comp_plus_100Norm,4,0.00016891214497258763
WD100CARD_WSW,RandomForestRegressor,no_comp_plus_100Norm,4,0.00010213461211385706
WD10CARD_ENE,RandomForestRegressor,no_comp_plus_100Norm,4,0.00030721825018011827
WD10CARD_ESE,RandomForestRegressor,no_comp_plus_100Norm,4,0.0003856849465062835
WD10CARD_N,RandomForestRegressor,no_comp_plus_100Norm,4,0.00014229519531118866
WD10CARD_NE,RandomForestRegressor,no_comp_plus_100Norm,4,0.0004123951692066209
WD10CARD_NNE,RandomForestRegressor,no_comp_plus_100Norm,4,9.148893438156611e-05
WD10CARD_NNW,RandomForestRegressor,no_comp_plus_100Norm,4,0.00016469935041593328
WD10CARD_NW,RandomForestRegressor,no_comp_plus_100Norm,4,0.0002460732187977998
WD10CARD_S,RandomForestRegressor,no_comp_plus_100Norm,4,8.288645475724275e-05
WD10CARD_SE,RandomForestRegressor,no_comp_plus_100Norm,4,0.0011031388194061025
WD10CARD_SSE,RandomForestRegressor,no_comp_plus_100Norm,4,0.00026883758714126385
WD10CARD_SSW,RandomForestRegressor,no_comp_plus_100Norm,4,0.00025058588288789983
WD10CARD_SW,RandomForestRegressor,no_comp_plus_100Norm,4,0.0003384630995403199
WD10CARD_W,RandomForestRegressor,no_comp_plus_100Norm,4,9.74326710395288e-05
WD10CARD_WNW,RandomForestRegressor,no_comp_plus_100Norm,4,0.00024980412921239757
WD10CARD_WSW,RandomForestRegressor,no_comp_plus_100Norm,4,0.0002212413173204577
U10,RandomForestRegressor,all,5,0.007859795805025925
V10,RandomForestRegressor,all,5,0.007762733696374952
U100,RandomForestRegressor,all,5,0.0060814839955402
V100,RandomForestRegressor,all,5,0.004591217946765531
HOUR,RandomForestRegressor,all,5,0.0186662790460341
MONTH,RandomForestRegressor,all,5,0.012323262141343383
WEEKDAY,RandomForestRegressor,all,5,0.005803481488834551
IS_HOLIDAY,RandomForestRegressor,all,5,0.0
WS10,RandomForestRegressor,all,5,0.010981170952753604
WS100,RandomForestRegressor,all,5,0.8898617297142182
WD10,RandomForestRegressor,all,5,0.009155610363408671
WD100,RandomForestRegressor,all,5,0.0043546444556434236
U100NORM,RandomForestRegressor,all,5,0.006741628988943448
V100NORM,RandomForestRegressor,all,5,0.006905761126877657
WD100CARD_ENE,RandomForestRegressor,all,5,4.720836453624935e-05
WD100CARD_ESE,RandomForestRegressor,all,5,0.00010998245272956345
WD100CARD_N,RandomForestRegressor,all,5,5.629062223222424e-06
WD100CARD_NE,RandomForestRegressor,all,5,0.00031962817743319116
WD100CARD_NNE,RandomForestRegressor,all,5,8.281978867920447e-05
WD100CARD_NNW,RandomForestRegressor,all,5,1.1318496661793134e-05
WD100CARD_NW,RandomForestRegressor,all,5,4.09043246932365e-05
WD100CARD_S,RandomForestRegressor,all,5,7.201770630590228e-06
WD100CARD_SE,RandomForestRegressor,all,5,0.0030630443287710503
WD100CARD_SSE,RandomForestRegressor,all,5,0.000283467572396108
WD100CARD_SSW,RandomForestRegressor,all,5,0.0011969146082788362
WD100CARD_SW,RandomForestRegressor,all,5,4.818816258328638e-05
WD100CARD_W,RandomForestRegressor,all,5,1.0807429045464694e-05
WD100CARD_WNW,RandomForestRegressor,all,5,0.00013006782813645805
WD100CARD_WSW,RandomForestRegressor,all,5,0.0001953376030663863
WD10CARD_ENE,RandomForestRegressor,all,5,9.914683013007373e-05
WD10CARD_ESE,RandomForestRegressor,all,5,0.00016151297108770276
WD10CARD_N,RandomForestRegressor,all,5,2.2053083923230934e-05
WD10CARD_NE,RandomForestRegressor,all,5,0.0003304076449904967
WD10CARD_NNE,RandomForestRegressor,all,5,0.0004818330181130769
WD10CARD_NNW,RandomForestRegressor,all,5,4.389696012187723e-05
WD10CARD_NW,RandomForestRegressor,all,5,0.00017427597599147676
WD10CARD_S,RandomForestRegressor,all,5,8.097491924233314e-06
WD10CARD_SE,RandomForestRegressor,all,5,0.0007145844244034566
WD10CARD_SSE,RandomForestRegressor,all,5,5.878955090258751e-05
WD10CARD_SSW,RandomForestRegressor,all,5,0.0008325545926848087
WD10CARD_SW,RandomForestRegressor,all,5,0.00015294177122505986
WD10CARD_W,RandomForestRegressor,all,5,7.405633225382204e-05
WD10CARD_WNW,RandomForestRegressor,all,5,8.572237542011782e-05
WD10CARD_WSW,RandomForestRegressor,all,5,0.00011880728519979484
U10,RandomForestRegressor,no_deg,6,0.017104444294074286
V10,RandomForestRegressor,no_deg,6,0.015647227779172303
U100,RandomForestRegressor,no_deg,6,0.02725800522978473
V100,RandomForestRegressor,no_deg,6,0.008673053311294763
HOUR,RandomForestRegressor,no_deg,6,0.02184768287292312
MONTH,RandomForestRegressor,no_deg,6,0.008606430823022508
WEEKDAY,RandomForestRegressor,no_deg,6,0.006285439042200229
IS_HOLIDAY,RandomForestRegressor,no_deg,6,0.0
WS10,RandomForestRegressor,no_deg,6,0.012622955320212502
WS100,RandomForestRegressor,no_deg,6,0.8358280290023112
U100NORM,RandomForestRegressor,no_deg,6,0.011878309573685904
V100NORM,RandomForestRegressor,no_deg,6,0.014698153236435196
WD100CARD_ENE,RandomForestRegressor,no_deg,6,0.0005162308359355379
WD100CARD_ESE,RandomForestRegressor,no_deg,6,0.002253111425047664
WD100CARD_N,RandomForestRegressor,no_deg,6,2.5645938555641733e-06
WD100CARD_NE,RandomForestRegressor,no_deg,6,0.0005627402244887551
WD100CARD_NNE,RandomForestRegressor,no_deg,6,0.00041283431256432625
WD100CARD_NNW,RandomForestRegressor,no_deg,6,0.0001972947962494497
WD100CARD_NW,RandomForestRegressor,no_deg,6,0.00013020803294399626
WD100CARD_S,RandomForestRegressor,no_deg,6,8.45020889136268e-06
WD100CARD_SE,RandomForestRegressor,no_deg,6,0.0031792883699813205
WD100CARD_SSE,RandomForestRegressor,no_deg,6,0.000300945002430916
WD100CARD_SSW,RandomForestRegressor,no_deg,6,0.00018260299075095586
WD100CARD_SW,RandomForestRegressor,no_deg,6,7.277259085020542e-05
WD100CARD_W,RandomForestRegressor,no_deg,6,1.7601532173310478e-05
WD100CARD_WNW,RandomForestRegressor,no_deg,6,0.0005426234850700243
WD100CARD_WSW,RandomForestRegressor,no_deg,6,0.00013198730826159455
WD10CARD_ENE,RandomForestRegressor,no_deg,6,0.0012199853935859963
WD10CARD_ESE,RandomForestRegressor,no_deg,6,0.0037031000869912614
WD10CARD_N,RandomForestRegressor,no_deg,6,7.726333227900358e-05
WD10CARD_NE,RandomForestRegressor,no_deg,6,0.0034829099911729117
WD10CARD_NNE,RandomForestRegressor,no_deg,6,0.0008521075727539871
WD10CARD_NNW,RandomForestRegressor,no_deg,6,3.755715389877751e-05
WD10CARD_NW,RandomForestRegressor,no_deg,6,0.00015512481577123762
WD10CARD_S,RandomForestRegressor,no_deg,6,8.133640044854278e-06
WD10CARD_SE,RandomForestRegressor,no_deg,6,0.0006588646195369633
WD10CARD_SSE,RandomForestRegressor,no_deg,6,0.0001356252642391129
WD10CARD_SSW,RandomForestRegressor,no_deg,6,0.0002894866833408156
WD10CARD_SW,RandomForestRegressor,no_deg,6,0.0001197049248176778
WD10CARD_W,RandomForestRegressor,no_deg,6,1.8640550057514627e-05
WD10CARD_WNW,RandomForestRegressor,no_deg,6,0.00017808469640286497
WD10CARD_WSW,RandomForestRegressor,no_deg,6,0.00010242508049513552
U10,RandomForestRegressor,no_card_100Norm,7,0.028580948522543562
V10,RandomForestRegressor,no_card_100Norm,7,0.015724554167420517
U100,RandomForestRegressor,no_card_100Norm,7,0.0125942097655261
V100,RandomForestRegressor,no_card_100Norm,7,0.024021657344828185
HOUR,RandomForestRegressor,no_card_100Norm,7,0.01981111958105467
MONTH,RandomForestRegressor,no_card_100Norm,7,0.016984091780124614
WEEKDAY,RandomForestRegressor,no_card_100Norm,7,0.008565834073442464
IS_HOLIDAY,RandomForestRegressor,no_card_100Norm,7,0.00011818943707812238
WS10,RandomForestRegressor,no_card_100Norm,7,0.01949912830734241
WS100,RandomForestRegressor,no_card_100Norm,7,0.835201932738056
WD10,RandomForestRegressor,no_card_100Norm,7,0.009145118950776257
WD100,RandomForestRegressor,no_card_100Norm,7,0.00975321533180721
HOUR,RandomForestRegressor,no_comp,8,0.018542686644384195
MONTH,RandomForestRegressor,no_comp,8,0.020483150494225628
WEEKDAY,RandomForestRegressor,no_comp,8,0.01333058182317261
IS_HOLIDAY,RandomForestRegressor,no_comp,8,8.0376126634219e-05
WS10,RandomForestRegressor,no_comp,8,0.025225900603473277
WS100,RandomForestRegressor,no_comp,8,0.8617018915699052
WD10,RandomForestRegressor,no_comp,8,0.02316848227614341
WD100,RandomForestRegressor,no_comp,8,0.02756910122788369
WD100CARD_ENE,RandomForestRegressor,no_comp,8,5.940189544172493e-05
WD100CARD_ESE,RandomForestRegressor,no_comp,8,0.0024477635279040056
WD100CARD_N,RandomForestRegressor,no_comp,8,0.00010766356266095226
WD100CARD_NE,RandomForestRegressor,no_comp,8,7.506405003922227e-06
WD100CARD_NNE,RandomForestRegressor,no_comp,8,0.0007469370471637791
WD100CARD_NNW,RandomForestRegressor,no_comp,8,4.14048355929901e-05
WD100CARD_NW,RandomForestRegressor,no_comp,8,3.3929281301408646e-05
WD100CARD_S,RandomForestRegressor,no_comp,8,4.596827014756281e-05
WD100CARD_SE,RandomForestRegressor,no_comp,8,0.0004600826026818204
WD100CARD_SSE,RandomForestRegressor,no_comp,8,0.0009038651680122466
WD100CARD_SSW,RandomForestRegressor,no_comp,8,0.00011558118343597201
WD100CARD_SW,RandomForestRegressor,no_comp,8,0.00010394371560150983
WD100CARD_W,RandomForestRegressor,no_comp,8,0.0006802747483814291
WD100CARD_WNW,RandomForestRegressor,no_comp,8,0.0006052127869368996
WD100CARD_WSW,RandomForestRegressor,no_comp,8,0.00036880411950072656
WD10CARD_ENE,RandomForestRegressor,no_comp,8,4.45257331030247e-05
WD10CARD_ESE,RandomForestRegressor,no_comp,8,0.0005126229011592904
WD10CARD_N,RandomForestRegressor,no_comp,8,0.0001316785843279594
WD10CARD_NE,RandomForestRegressor,no_comp,8,3.8894570220065424e-05
WD10CARD_NNE,RandomForestRegressor,no_comp,8,0.0002321199628049816
WD10CARD_NNW,RandomForestRegressor,no_comp,8,4.0322956898420206e-05
WD10CARD_NW,RandomForestRegressor,no_comp,8,7.975613140063984e-05
WD10CARD_S,RandomForestRegressor,no_comp,8,0.00021911824601158052
WD10CARD_SE,RandomForestRegressor,no_comp,8,0.00013795519501193872
WD10CARD_SSE,RandomForestRegressor,no_comp,8,0.0004137179137378845
WD10CARD_SSW,RandomForestRegressor,no_comp,8,0.00014427356735583578
WD10CARD_SW,RandomForestRegressor,no_comp,8,0.00011640656489336252
WD10CARD_W,RandomForestRegressor,no_comp,8,0.00016601188829105498
WD10CARD_WNW,RandomForestRegressor,no_comp,8,0.00026280307637064867
WD10CARD_WSW,RandomForestRegressor,no_comp,8,0.0006292827928242361
U10,RandomForestRegressor,no_deg_norm,9,0.01977975000741931
V10,RandomForestRegressor,no_deg_norm,9,0.0194264690368652
U100,RandomForestRegressor,no_deg_norm,9,0.02227029223253927
V100,RandomForestRegressor,no_deg_norm,9,0.018734362126949646
HOUR,RandomForestRegressor,no_deg_norm,9,0.018681009344041127
MONTH,RandomForestRegressor,no_deg_norm,9,0.022059553319541434
WEEKDAY,RandomForestRegressor,no_deg_norm,9,0.00814896617313071
IS_HOLIDAY,RandomForestRegressor,no_deg_norm,9,1.3850492864227996e-05
WS10,RandomForestRegressor,no_deg_norm,9,0.020340027126090753
WS100,RandomForestRegressor,no_deg_norm,9,0.846024926879534
WD100CARD_ENE,RandomForestRegressor,no_deg_norm,9,5.105149891787882e-05
WD100CARD_ESE,RandomForestRegressor,no_deg_norm,9,0.0005171343247099175
WD100CARD_N,RandomForestRegressor,no_deg_norm,9,0.00013998349091285474
WD100CARD_NE,RandomForestRegressor,no_deg_norm,9,6.763527870745508e-06
WD100CARD_NNE,RandomForestRegressor,no_deg_norm,9,0.000172139293002202
WD100CARD_NNW,RandomForestRegressor,no_deg_norm,9,0.00017153648976072887
WD100CARD_NW,RandomForestRegressor,no_deg_norm,9,0.0007001755109339833
WD100CARD_S,RandomForestRegressor,no_deg_norm,9,6.135304611901759e-05
WD100CARD_SE,RandomForestRegressor,no_deg_norm,9,0.00011156346825263448
WD100CARD_SSE,RandomForestRegressor,no_deg_norm,9,0.0001070058539556358
WD100CARD_SSW,RandomForestRegressor,no_deg_norm,9,0.0003302435845568131
WD100CARD_SW,RandomForestRegressor,no_deg_norm,9,9.332012432220018e-05
WD100CARD_W,RandomForestRegressor,no_deg_norm,9,4.75104444596982e-05
WD100CARD_WNW,RandomForestRegressor,no_deg_norm,9,0.00013518002015053092
WD100CARD_WSW,RandomForestRegressor,no_deg_norm,9,4.572313198945387e-05
WD10CARD_ENE,RandomForestRegressor,no_deg_norm,9,2.395264248238204e-05
WD10CARD_ESE,RandomForestRegressor,no_deg_norm,9,7.969222443539369e-05
WD10CARD_N,RandomForestRegressor,no_deg_norm,9,0.00016081711405524398
WD10CARD_NE,RandomForestRegressor,no_deg_norm,9,5.917959200335495e-07
WD10CARD_NNE,RandomForestRegressor,no_deg_norm,9,0.0003940836529333878
WD10CARD_NNW,RandomForestRegressor,no_deg_norm,9,0.00025483378556094577
WD10CARD_NW,RandomForestRegressor,no_deg_norm,9,0.0001271636156681092
WD10CARD_S,RandomForestRegressor,no_deg_norm,9,8.395678296902133e-05
WD10CARD_SE,RandomForestRegressor,no_deg_norm,9,4.934417160787452e-05
WD10CARD_SSE,RandomForestRegressor,no_deg_norm,9,0.00013138797772714253
WD10CARD_SSW,RandomForestRegressor,no_deg_norm,9,0.00014452591565348598
WD10CARD_SW,RandomForestRegressor,no_deg_norm,9,9.826602287683572e-05
WD10CARD_W,RandomForestRegressor,no_deg_norm,9,3.7536734175227185e-05
WD10CARD_WNW,RandomForestRegressor,no_deg_norm,9,0.00018427261283015037
WD10CARD_WSW,RandomForestRegressor,no_deg_norm,9,5.968440221478109e-05
HOUR,RandomForestRegressor,no_comp,10,0.03617151189938605
MONTH,RandomForestRegressor,no_comp,10,0.010449698965247639
WEEKDAY,RandomForestRegressor,no_comp,10,0.008149782498740762
IS_HOLIDAY,RandomForestRegressor,no_comp,10,0.0
WS10,RandomForestRegressor,no_comp,10,0.019609362361947352
WS100,RandomForestRegressor,no_comp,10,0.8452249970366322
WD10,RandomForestRegressor,no_comp,10,0.027770344121724154
WD100,RandomForestRegressor,no_comp,10,0.032323175378480666
WD100CARD_ENE,RandomForestRegressor,no_comp,10,0.0002448311590533222
WD100CARD_ESE,RandomForestRegressor,no_comp,10,0.00021778559465057944
WD100CARD_N,RandomForestRegressor,no_comp,10,2.5708963610653305e-05
WD100CARD_NE,RandomForestRegressor,no_comp,10,9.097451112656128e-05
WD100CARD_NNE,RandomForestRegressor,no_comp,10,8.048022054844978e-05
WD100CARD_NNW,RandomForestRegressor,no_comp,10,7.679342879663093e-05
WD100CARD_NW,RandomForestRegressor,no_comp,10,8.767862195629081e-05
WD100CARD_S,RandomForestRegressor,no_comp,10,0.00045474620705224385
WD100CARD_SE,RandomForestRegressor,no_comp,10,0.0007562027967250318
WD100CARD_SSE,RandomForestRegressor,no_comp,10,0.0007494725335398944
WD100CARD_SSW,RandomForestRegressor,no_comp,10,0.0012824050903998622
WD100CARD_SW,RandomForestRegressor,no_comp,10,0.004491180155579659
WD100CARD_W,RandomForestRegressor,no_comp,10,4.030597698427246e-05
WD100CARD_WNW,RandomForestRegressor,no_comp,10,0.0001032092455768699
WD100CARD_WSW,RandomForestRegressor,no_comp,10,0.0010501765286266723
WD10CARD_ENE,RandomForestRegressor,no_comp,10,0.0004207359859658475
WD10CARD_ESE,RandomForestRegressor,no_comp,10,0.0007728003066778419
WD10CARD_N,RandomForestRegressor,no_comp,10,5.314985409766803e-05
WD10CARD_NE,RandomForestRegressor,no_comp,10,0.00024405366158569317
WD10CARD_NNE,RandomForestRegressor,no_comp,10,0.00011126281096350187
WD10CARD_NNW,RandomForestRegressor,no_comp,10,6.385299264248276e-05
WD10CARD_NW,RandomForestRegressor,no_comp,10,0.00013435930089361207
WD10CARD_S,RandomForestRegressor,no_comp,10,0.00019239291182954419
WD10CARD_SE,RandomForestRegressor,no_comp,10,0.0011845739146879419
WD10CARD_SSE,RandomForestRegressor,no_comp,10,0.00046138811084545274
WD10CARD_SSW,RandomForestRegressor,no_comp,10,0.0010000463612362654
WD10CARD_SW,RandomForestRegressor,no_comp,10,0.004010326812756968
WD10CARD_W,RandomForestRegressor,no_comp,10,1.9737942737658152e-05
WD10CARD_WNW,RandomForestRegressor,no_comp,10,0.00013179780446987983
WD10CARD_WSW,RandomForestRegressor,no_comp,10,0.0017486979322238283
U10,LGBMRegressor,no_deg_norm,1,284.0
V10,LGBMRegressor,no_deg_norm,1,262.0
U100,LGBMRegressor,no_deg_norm,1,319.0
V100,LGBMRegressor,no_deg_norm,1,257.0
HOUR,LGBMRegressor,no_deg_norm,1,407.0
MONTH,LGBMRegressor,no_deg_norm,1,467.0
WEEKDAY,LGBMRegressor,no_deg_norm,1,283.0
IS_HOLIDAY,LGBMRegressor,no_deg_norm,1,13.0
WS10,LGBMRegressor,no_deg_norm,1,283.0
WS100,LGBMRegressor,no_deg_norm,1,304.0
WD100CARD_ENE,LGBMRegressor,no_deg_norm,1,0.0
WD100CARD_ESE,LGBMRegressor,no_deg_norm,1,6.0
WD100CARD_N,LGBMRegressor,no_deg_norm,1,5.0
WD100CARD_NE,LGBMRegressor,no_deg_norm,1,7.0
WD100CARD_NNE,LGBMRegressor,no_deg_norm,1,15.0
WD100CARD_NNW,LGBMRegressor,no_deg_norm,1,14.0
WD100CARD_NW,LGBMRegressor,no_deg_norm,1,8.0
WD100CARD_S,LGBMRegressor,no_deg_norm,1,1.0
WD100CARD_SE,LGBMRegressor,no_deg_norm,1,10.0
WD100CARD_SSE,LGBMRegressor,no_deg_norm,1,13.0
WD100CARD_SSW,LGBMRegressor,no_deg_norm,1,6.0
WD100CARD_SW,LGBMRegressor,no_deg_norm,1,7.0
WD100CARD_W,LGBMRegressor,no_deg_norm,1,1.0
WD100CARD_WNW,LGBMRegressor,no_deg_norm,1,4.0
WD100CARD_WSW,LGBMRegressor,no_deg_norm,1,3.0
WD10CARD_ENE,LGBMRegressor,no_deg_norm,1,0.0
WD10CARD_ESE,LGBMRegressor,no_deg_norm,1,1.0
WD10CARD_N,LGBMRegressor,no_deg_norm,1,4.0
WD10CARD_NE,LGBMRegressor,no_deg_norm,1,2.0
WD10CARD_NNE,LGBMRegressor,no_deg_norm,1,10.0
WD10CARD_NNW,LGBMRegressor,no_deg_norm,1,3.0
WD10CARD_NW,LGBMRegressor,no_deg_norm,1,10.0
WD10CARD_S,LGBMRegressor,no_deg_norm,1,0.0
WD10CARD_SE,LGBMRegressor,no_deg_norm,1,5.0
WD10CARD_SSE,LGBMRegressor,no_deg_norm,1,8.0
WD10CARD_SSW,LGBMRegressor,no_deg_norm,1,5.0
WD10CARD_SW,LGBMRegressor,no_deg_norm,1,11.0
WD10CARD_W,LGBMRegressor,no_deg_norm,1,3.0
WD10CARD_WNW,LGBMRegressor,no_deg_norm,1,4.0
WD10CARD_WSW,LGBMRegressor,no_deg_norm,1,5.0
U100,LGBMRegressor,no_ten,2,320.0
V100,LGBMRegressor,no_ten,2,340.0
HOUR,LGBMRegressor,no_ten,2,430.0
MONTH,LGBMRegressor,no_ten,2,466.0
WEEKDAY,LGBMRegressor,no_ten,2,359.0
IS_HOLIDAY,LGBMRegressor,no_ten,2,21.0
WS100,LGBMRegressor,no_ten,2,419.0
WD100,LGBMRegressor,no_ten,2,198.0
U100NORM,LGBMRegressor,no_ten,2,182.0
V100NORM,LGBMRegressor,no_ten,2,168.0
WD100CARD_ENE,LGBMRegressor,no_ten,2,0.0
WD100CARD_ESE,LGBMRegressor,no_ten,2,1.0
WD100CARD_N,LGBMRegressor,no_ten,2,2.0
WD100CARD_NE,LGBMRegressor,no_ten,2,1.0
WD100CARD_NNE,LGBMRegressor,no_ten,2,7.0
WD100CARD_NNW,LGBMRegressor,no_ten,2,13.0
WD100CARD_NW,LGBMRegressor,no_ten,2,8.0
WD100CARD_S,LGBMRegressor,no_ten,2,3.0
WD100CARD_SE,LGBMRegressor,no_ten,2,2.0
WD100CARD_SSE,LGBMRegressor,no_ten,2,16.0
WD100CARD_SSW,LGBMRegressor,no_ten,2,6.0
WD100CARD_SW,LGBMRegressor,no_ten,2,17.0
WD100CARD_W,LGBMRegressor,no_ten,2,0.0
WD100CARD_WNW,LGBMRegressor,no_ten,2,6.0
WD100CARD_WSW,LGBMRegressor,no_ten,2,15.0
HOUR,LGBMRegressor,no_comp_plus_100Norm,3,394.0
MONTH,LGBMRegressor,no_comp_plus_100Norm,3,403.0
WEEKDAY,LGBMRegressor,no_comp_plus_100Norm,3,293.0
IS_HOLIDAY,LGBMRegressor,no_comp_plus_100Norm,3,9.0
WS10,LGBMRegressor,no_comp_plus_100Norm,3,326.0
WS100,LGBMRegressor,no_comp_plus_100Norm,3,551.0
WD10,LGBMRegressor,no_comp_plus_100Norm,3,191.0
WD100,LGBMRegressor,no_comp_plus_100Norm,3,178.0
U100NORM,LGBMRegressor,no_comp_plus_100Norm,3,269.0
V100NORM,LGBMRegressor,no_comp_plus_100Norm,3,267.0
WD100CARD_ENE,LGBMRegressor,no_comp_plus_100Norm,3,13.0
WD100CARD_ESE,LGBMRegressor,no_comp_plus_100Norm,3,2.0
WD100CARD_N,LGBMRegressor,no_comp_plus_100Norm,3,2.0
WD100CARD_NE,LGBMRegressor,no_comp_plus_100Norm,3,10.0
WD100CARD_NNE,LGBMRegressor,no_comp_plus_100Norm,3,5.0
WD100CARD_NNW,LGBMRegressor,no_comp_plus_100Norm,3,0.0
WD100CARD_NW,LGBMRegressor,no_comp_plus_100Norm,3,4.0
WD100CARD_S,LGBMRegressor,no_comp_plus_100Norm,3,0.0
WD100CARD_SE,LGBMRegressor,no_comp_plus_100Norm,3,4.0
WD100CARD_SSE,LGBMRegressor,no_comp_plus_100Norm,3,1.0
WD100CARD_SSW,LGBMRegressor,no_comp_plus_100Norm,3,8.0
WD100CARD_SW,LGBMRegressor,no_comp_plus_100Norm,3,4.0
WD100CARD_W,LGBMRegressor,no_comp_plus_100Norm,3,0.0
WD100CARD_WNW,LGBMRegressor,no_comp_plus_100Norm,3,1.0
WD100CARD_WSW,LGBMRegressor,no_comp_plus_100Norm,3,1.0
WD10CARD_ENE,LGBMRegressor,no_comp_plus_100Norm,3,2.0
WD10CARD_ESE,LGBMRegressor,no_comp_plus_100Norm,3,14.0
WD10CARD_N,LGBMRegressor,no_comp_plus_100Norm,3,2.0
WD10CARD_NE,LGBMRegressor,no_comp_plus_100Norm,3,3.0
WD10CARD_NNE,LGBMRegressor,no_comp_plus_100Norm,3,3.0
WD10CARD_NNW,LGBMRegressor,no_comp_plus_100Norm,3,0.0
WD10CARD_NW,LGBMRegressor,no_comp_plus_100Norm,3,2.0
WD10CARD_S,LGBMRegressor,no_comp_plus_100Norm,3,5.0
WD10CARD_SE,LGBMRegressor,no_comp_plus_100Norm,3,2.0
WD10CARD_SSE,LGBMRegressor,no_comp_plus_100Norm,3,8.0
WD10CARD_SSW,LGBMRegressor,no_comp_plus_100Norm,3,7.0
WD10CARD_SW,LGBMRegressor,no_comp_plus_100Norm,3,8.0
WD10CARD_W,LGBMRegressor,no_comp_plus_100Norm,3,5.0
WD10CARD_WNW,LGBMRegressor,no_comp_plus_100Norm,3,1.0
WD10CARD_WSW,LGBMRegressor,no_comp_plus_100Norm,3,2.0
HOUR,LGBMRegressor,no_comp,4,366.0
MONTH,LGBMRegressor,no_comp,4,418.0
WEEKDAY,LGBMRegressor,no_comp,4,301.0
IS_HOLIDAY,LGBMRegressor,no_comp,4,4.0
WS10,LGBMRegressor,no_comp,4,418.0
WS100,LGBMRegressor,no_comp,4,457.0
WD10,LGBMRegressor,no_comp,4,430.0
WD100,LGBMRegressor,no_comp,4,398.0
WD100CARD_ENE,LGBMRegressor,no_comp,4,5.0
WD100CARD_ESE,LGBMRegressor,no_comp,4,11.0
WD100CARD_N,LGBMRegressor,no_comp,4,3.0
WD100CARD_NE,LGBMRegressor,no_comp,4,10.0
WD100CARD_NNE,LGBMRegressor,no_comp,4,9.0
WD100CARD_NNW,LGBMRegressor,no_comp,4,9.0
WD100CARD_NW,LGBMRegressor,no_comp,4,8.0
WD100CARD_S,LGBMRegressor,no_comp,4,9.0
WD100CARD_SE,LGBMRegressor,no_comp,4,18.0
WD100CARD_SSE,LGBMRegressor,no_comp,4,12.0
WD100CARD_SSW,LGBMRegressor,no_comp,4,24.0
WD100CARD_SW,LGBMRegressor,no_comp,4,5.0
WD100CARD_W,LGBMRegressor,no_comp,4,5.0
WD100CARD_WNW,LGBMRegressor,no_comp,4,6.0
WD100CARD_WSW,LGBMRegressor,no_comp,4,8.0
WD10CARD_ENE,LGBMRegressor,no_comp,4,13.0
WD10CARD_ESE,LGBMRegressor,no_comp,4,9.0
WD10CARD_N,LGBMRegressor,no_comp,4,8.0
WD10CARD_NE,LGBMRegressor,no_comp,4,6.0
WD10CARD_NNE,LGBMRegressor,no_comp,4,1.0
WD10CARD_NNW,LGBMRegressor,no_comp,4,5.0
WD10CARD_NW,LGBMRegressor,no_comp,4,7.0
WD10CARD_S,LGBMRegressor,no_comp,4,6.0
WD10CARD_SE,LGBMRegressor,no_comp,4,15.0
WD10CARD_SSE,LGBMRegressor,no_comp,4,6.0
WD10CARD_SSW,LGBMRegressor,no_comp,4,4.0
WD10CARD_SW,LGBMRegressor,no_comp,4,9.0
WD10CARD_W,LGBMRegressor,no_comp,4,13.0
WD10CARD_WNW,LGBMRegressor,no_comp,4,10.0
WD10CARD_WSW,LGBMRegressor,no_comp,4,4.0
U10,LGBMRegressor,no_deg_norm,5,234.0
V10,LGBMRegressor,no_deg_norm,5,310.0
U100,LGBMRegressor,no_deg_norm,5,320.0
V100,LGBMRegressor,no_deg_norm,5,218.0
HOUR,LGBMRegressor,no_deg_norm,5,375.0
MONTH,LGBMRegressor,no_deg_norm,5,429.0
WEEKDAY,LGBMRegressor,no_deg_norm,5,267.0
IS_HOLIDAY,LGBMRegressor,no_deg_norm,5,7.0
WS10,LGBMRegressor,no_deg_norm,5,239.0
WS100,LGBMRegressor,no_deg_norm,5,370.0
WD100CARD_ENE,LGBMRegressor,no_deg_norm,5,1.0
WD100CARD_ESE,LGBMRegressor,no_deg_norm,5,13.0
WD100CARD_N,LGBMRegressor,no_deg_norm,5,8.0
WD100CARD_NE,LGBMRegressor,no_deg_norm,5,3.0
WD100CARD_NNE,LGBMRegressor,no_deg_norm,5,6.0
WD100CARD_NNW,LGBMRegressor,no_deg_norm,5,8.0
WD100CARD_NW,LGBMRegressor,no_deg_norm,5,2.0
WD100CARD_S,LGBMRegressor,no_deg_norm,5,8.0
WD100CARD_SE,LGBMRegressor,no_deg_norm,5,30.0
WD100CARD_SSE,LGBMRegressor,no_deg_norm,5,9.0
WD100CARD_SSW,LGBMRegressor,no_deg_norm,5,20.0
WD100CARD_SW,LGBMRegressor,no_deg_norm,5,0.0
WD100CARD_W,LGBMRegressor,no_deg_norm,5,4.0
WD100CARD_WNW,LGBMRegressor,no_deg_norm,5,3.0
WD100CARD_WSW,LGBMRegressor,no_deg_norm,5,9.0
WD10CARD_ENE,LGBMRegressor,no_deg_norm,5,5.0
WD10CARD_ESE,LGBMRegressor,no_deg_norm,5,3.0
WD10CARD_N,LGBMRegressor,no_deg_norm,5,0.0
WD10CARD_NE,LGBMRegressor,no_deg_norm,5,14.0
WD10CARD_NNE,LGBMRegressor,no_deg_norm,5,18.0
WD10CARD_NNW,LGBMRegressor,no_deg_norm,5,1.0
WD10CARD_NW,LGBMRegressor,no_deg_norm,5,9.0
WD10CARD_S,LGBMRegressor,no_deg_norm,5,2.0
WD10CARD_SE,LGBMRegressor,no_deg_norm,5,13.0
WD10CARD_SSE,LGBMRegressor,no_deg_norm,5,7.0
WD10CARD_SSW,LGBMRegressor,no_deg_norm,5,11.0
WD10CARD_SW,LGBMRegressor,no_deg_norm,5,4.0
WD10CARD_W,LGBMRegressor,no_deg_norm,5,10.0
WD10CARD_WNW,LGBMRegressor,no_deg_norm,5,6.0
WD10CARD_WSW,LGBMRegressor,no_deg_norm,5,4.0
U10,LGBMRegressor,no_card_100Norm,6,264.0
V10,LGBMRegressor,no_card_100Norm,6,255.0
U100,LGBMRegressor,no_card_100Norm,6,312.0
V100,LGBMRegressor,no_card_100Norm,6,218.0
HOUR,LGBMRegressor,no_card_100Norm,6,357.0
MONTH,LGBMRegressor,no_card_100Norm,6,379.0
WEEKDAY,LGBMRegressor,no_card_100Norm,6,283.0
IS_HOLIDAY,LGBMRegressor,no_card_100Norm,6,5.0
WS10,LGBMRegressor,no_card_100Norm,6,198.0
WS100,LGBMRegressor,no_card_100Norm,6,329.0
WD10,LGBMRegressor,no_card_100Norm,6,215.0
WD100,LGBMRegressor,no_card_100Norm,6,185.0
U10,LGBMRegressor,no_card,7,285.0
V10,LGBMRegressor,no_card,7,227.0
U100,LGBMRegressor,no_card,7,209.0
V100,LGBMRegressor,no_card,7,169.0
HOUR,LGBMRegressor,no_card,7,414.0
MONTH,LGBMRegressor,no_card,7,407.0
WEEKDAY,LGBMRegressor,no_card,7,225.0
IS_HOLIDAY,LGBMRegressor,no_card,7,21.0
WS10,LGBMRegressor,no_card,7,272.0
WS100,LGBMRegressor,no_card,7,354.0
WD10,LGBMRegressor,no_card,7,154.0
WD100,LGBMRegressor,no_card,7,100.0
U100NORM,LGBMRegressor,no_card,7,104.0
V100NORM,LGBMRegressor,no_card,7,109.0
U10,LGBMRegressor,no_deg,8,286.0
V10,LGBMRegressor,no_deg,8,248.0
U100,LGBMRegressor,no_deg,8,196.0
V100,LGBMRegressor,no_deg,8,148.0
HOUR,LGBMRegressor,no_deg,8,372.0
MONTH,LGBMRegressor,no_deg,8,436.0
WEEKDAY,LGBMRegressor,no_deg,8,248.0
IS_HOLIDAY,LGBMRegressor,no_deg,8,21.0
WS10,LGBMRegressor,no_deg,8,242.0
WS100,LGBMRegressor,no_deg,8,348.0
U100NORM,LGBMRegressor,no_deg,8,178.0
V100NORM,LGBMRegressor,no_deg,8,179.0
WD100CARD_ENE,LGBMRegressor,no_deg,8,2.0
WD100CARD_ESE,LGBMRegressor,no_deg,8,11.0
WD100CARD_N,LGBMRegressor,no_deg,8,1.0
WD100CARD_NE,LGBMRegressor,no_deg,8,4.0
WD100CARD_NNE,LGBMRegressor,no_deg,8,16.0
WD100CARD_NNW,LGBMRegressor,no_deg,8,6.0
WD100CARD_NW,LGBMRegressor,no_deg,8,9.0
WD100CARD_S,LGBMRegressor,no_deg,8,0.0
WD100CARD_SE,LGBMRegressor,no_deg,8,7.0
WD100CARD_SSE,LGBMRegressor,no_deg,8,13.0
WD100CARD_SSW,LGBMRegressor,no_deg,8,4.0
WD100CARD_SW,LGBMRegressor,no_deg,8,5.0
WD100CARD_W,LGBMRegressor,no_deg,8,0.0
WD100CARD_WNW,LGBMRegressor,no_deg,8,9.0
WD100CARD_WSW,LGBMRegressor,no_deg,8,6.0
WD10CARD_ENE,LGBMRegressor,no_deg,8,0.0
WD10CARD_ESE,LGBMRegressor,no_deg,8,0.0
WD10CARD_N,LGBMRegressor,no_deg,8,4.0
WD10CARD_NE,LGBMRegressor,no_deg,8,1.0
WD10CARD_NNE,LGBMRegressor,no_deg,8,12.0
WD10CARD_NNW,LGBMRegressor,no_deg,8,2.0
WD10CARD_NW,LGBMRegressor,no_deg,8,2.0
WD10CARD_S,LGBMRegressor,no_deg,8,0.0
WD10CARD_SE,LGBMRegressor,no_deg,8,8.0
WD10CARD_SSE,LGBMRegressor,no_deg,8,0.0
WD10CARD_SSW,LGBMRegressor,no_deg,8,1.0
WD10CARD_SW,LGBMRegressor,no_deg,8,3.0
WD10CARD_W,LGBMRegressor,no_deg,8,2.0
WD10CARD_WNW,LGBMRegressor,no_deg,8,12.0
WD10CARD_WSW,LGBMRegressor,no_deg,8,8.0
U10,LGBMRegressor,no_card_100Norm,9,311.0
V10,LGBMRegressor,no_card_100Norm,9,252.0
U100,LGBMRegressor,no_card_100Norm,9,252.0
V100,LGBMRegressor,no_card_100Norm,9,204.0
HOUR,LGBMRegressor,no_card_100Norm,9,336.0
MONTH,LGBMRegressor,no_card_100Norm,9,467.0
WEEKDAY,LGBMRegressor,no_card_100Norm,9,288.0
IS_HOLIDAY,LGBMRegressor,no_card_100Norm,9,21.0
WS10,LGBMRegressor,no_card_100Norm,9,275.0
WS100,LGBMRegressor,no_card_100Norm,9,361.0
WD10,LGBMRegressor,no_card_100Norm,9,171.0
WD100,LGBMRegressor,no_card_100Norm,9,112.0
HOUR,LGBMRegressor,no_comp,10,452.0
MONTH,LGBMRegressor,no_comp,10,425.0
WEEKDAY,LGBMRegressor,no_comp,10,319.0
IS_HOLIDAY,LGBMRegressor,no_comp,10,6.0
WS10,LGBMRegressor,no_comp,10,373.0
WS100,LGBMRegressor,no_comp,10,439.0
WD10,LGBMRegressor,no_comp,10,341.0
WD100,LGBMRegressor,no_comp,10,403.0
WD100CARD_ENE,LGBMRegressor,no_comp,10,9.0
WD100CARD_ESE,LGBMRegressor,no_comp,10,11.0
WD100CARD_N,LGBMRegressor,no_comp,10,7.0
WD100CARD_NE,LGBMRegressor,no_comp,10,4.0
WD100CARD_NNE,LGBMRegressor,no_comp,10,6.0
WD100CARD_NNW,LGBMRegressor,no_comp,10,10.0
WD100CARD_NW,LGBMRegressor,no_comp,10,10.0
WD100CARD_S,LGBMRegressor,no_comp,10,9.0
WD100CARD_SE,LGBMRegressor,no_comp,10,10.0
WD100CARD_SSE,LGBMRegressor,no_comp,10,10.0
WD100CARD_SSW,LGBMRegressor,no_comp,10,19.0
WD100CARD_SW,LGBMRegressor,no_comp,10,30.0
WD100CARD_W,LGBMRegressor,no_comp,10,0.0
WD100CARD_WNW,LGBMRegressor,no_comp,10,5.0
WD100CARD_WSW,LGBMRegressor,no_comp,10,18.0
WD10CARD_ENE,LGBMRegressor,no_comp,10,17.0
WD10CARD_ESE,LGBMRegressor,no_comp,10,14.0
WD10CARD_N,LGBMRegressor,no_comp,10,0.0
WD10CARD_NE,LGBMRegressor,no_comp,10,10.0
WD10CARD_NNE,LGBMRegressor,no_comp,10,1.0
WD10CARD_NNW,LGBMRegressor,no_comp,10,0.0
WD10CARD_NW,LGBMRegressor,no_comp,10,8.0
WD10CARD_S,LGBMRegressor,no_comp,10,0.0
WD10CARD_SE,LGBMRegressor,no_comp,10,9.0
WD10CARD_SSE,LGBMRegressor,no_comp,10,5.0
WD10CARD_SSW,LGBMRegressor,no_comp,10,17.0
WD10CARD_SW,LGBMRegressor,no_comp,10,25.0
WD10CARD_W,LGBMRegressor,no_comp,10,1.0
WD10CARD_WNW,LGBMRegressor,no_comp,10,2.0
WD10CARD_WSW,LGBMRegressor,no_comp,10,25.0
